"","TR:mock:CellLine","TR:TLR7","TR:TLR9","DA:pAkt","DA:pCREB","DA:pERK1/2","DA:pMAPKAPK2","DA:pS6","DA:pSHP2","DA:pStat1","DA:pStat3","DA:pStat4","DA:pNF-kB_p65","DA:pp38","DV:pAkt","DV:pCREB","DV:pERK1/2","DV:pMAPKAPK2","DV:pS6","DV:pSHP2","DV:pStat1","DV:pStat3","DV:pStat4","DV:pNF-kB_p65","DV:pp38"
"1",1,0,0,0,0,0,0,0,0,0,0,0,0,0,1,0,0,0,0,0,0,0,0,0,0
"5",1,1,0,10,10,10,10,10,10,10,10,10,10,10,0.412631372822399,0,0,0,0,0,0.990091006402565,0,0,0,0
"6",1,0,1,10,10,10,10,10,10,10,10,10,10,10,0.275761519530336,0,0,0,0,0,0.201275416978078,0,0,0,0
"8",1,1,0,60,60,60,60,60,60,60,60,60,60,60,0.293881931114335,0,0,0,0,0,0,0,0,0,0
"9",1,0,1,60,60,60,60,60,60,60,60,60,60,60,1,0,0,0,0,0,0.993663943708622,0,0,0,0
"11",1,1,0,120,120,120,120,120,120,120,120,120,120,120,0.985389804949439,0,0,0,0,0,0.5,0,0,0,0
"12",1,0,1,120,120,120,120,120,120,120,120,120,120,120,0.5,0,0,0,0,0,0.996591589141033,0,0,0,0
